"test_id","module","refs_raw"
"1","Uart8Transmitter","[`84`](https://github.com/TimRudy/uart-verilog/blob/a805332/Uart8Transmitter.v#L84), [`127`](https://github.com/TimRudy/uart-verilog/blob/a805332/Uart8Transmitter.v#L127)"
"1","Uart8Receiver","[`133, 134`](https://github.com/TimRudy/uart-verilog/blob/a805332/Uart8Receiver.v#L132-L134), [`148`](https://github.com/TimRudy/uart-verilog/blob/a805332/Uart8Receiver.v#L148), [`238`](https://github.com/TimRudy/uart-verilog/blob/a805332/Uart8Receiver.v#L237-L238), [`269`](https://github.com/TimRudy/uart-verilog/blob/a805332/Uart8Receiver.v#L261-L269)"
"4","Uart8Transmitter","[`127`](https://github.com/TimRudy/uart-verilog/blob/a805332/Uart8Transmitter.v#L127)"
"5","Uart8Receiver","[`244 (*second frame)`](https://github.com/TimRudy/uart-verilog/blob/a805332/Uart8Receiver.v#L244)"
"6","Uart8Transmitter","[`84`](https://github.com/TimRudy/uart-verilog/blob/a805332/Uart8Transmitter.v#L84)"
"7","Uart8Transmitter","[`84`](https://github.com/TimRudy/uart-verilog/blob/a805332/Uart8Transmitter.v#L84)"
"9","Uart8Transmitter","[`84`](https://github.com/TimRudy/uart-verilog/blob/a805332/Uart8Transmitter.v#L84), [`115, 116`](https://github.com/TimRudy/uart-verilog/blob/a805332/Uart8Transmitter.v#L115-L116), [`120`](https://github.com/TimRudy/uart-verilog/blob/a805332/Uart8Transmitter.v#L120), [`123`](https://github.com/TimRudy/uart-verilog/blob/a805332/Uart8Transmitter.v#L123)"
"9","Uart8Receiver","[`238`](https://github.com/TimRudy/uart-verilog/blob/a805332/Uart8Receiver.v#L237-L238), [`269`](https://github.com/TimRudy/uart-verilog/blob/a805332/Uart8Receiver.v#L261-L269)"
"12","Uart8Transmitter","[`115, 116`](https://github.com/TimRudy/uart-verilog/blob/a805332/Uart8Transmitter.v#L115-L116), [`118`](https://github.com/TimRudy/uart-verilog/blob/a805332/Uart8Transmitter.v#L118)"
"12","Uart8Receiver","[`79`](https://github.com/TimRudy/uart-verilog/blob/a805332/Uart8Receiver.v#L79), [`282`](https://github.com/TimRudy/uart-verilog/blob/a805332/Uart8Receiver.v#L282)"
"13","Uart8Transmitter","[`120`](https://github.com/TimRudy/uart-verilog/blob/a805332/Uart8Transmitter.v#L120), [`123`](https://github.com/TimRudy/uart-verilog/blob/a805332/Uart8Transmitter.v#L123)"
"16","Uart8Receiver","[`134`](https://github.com/TimRudy/uart-verilog/blob/a805332/Uart8Receiver.v#L132-L134)"
"17","Uart8Receiver","[`141`](https://github.com/TimRudy/uart-verilog/blob/a805332/Uart8Receiver.v#L141)"
"18","Uart8Receiver","[`141`](https://github.com/TimRudy/uart-verilog/blob/a805332/Uart8Receiver.v#L141), [`158`](https://github.com/TimRudy/uart-verilog/blob/a805332/Uart8Receiver.v#L158)"
"19","Uart8Receiver","[`158`](https://github.com/TimRudy/uart-verilog/blob/a805332/Uart8Receiver.v#L158)"
"20","Uart8Receiver","[`215`](https://github.com/TimRudy/uart-verilog/blob/a805332/Uart8Receiver.v#L215), [`238`](https://github.com/TimRudy/uart-verilog/blob/a805332/Uart8Receiver.v#L237-L238)"
"21","Uart8Receiver","[`215, 216`](https://github.com/TimRudy/uart-verilog/blob/a805332/Uart8Receiver.v#L215-L216), [`238`](https://github.com/TimRudy/uart-verilog/blob/a805332/Uart8Receiver.v#L237-L238)"
"22","Uart8Receiver","[`215, 216`](https://github.com/TimRudy/uart-verilog/blob/a805332/Uart8Receiver.v#L215-L216), [`244`](https://github.com/TimRudy/uart-verilog/blob/a805332/Uart8Receiver.v#L244)"
"23","Uart8Receiver","[`228`](https://github.com/TimRudy/uart-verilog/blob/a805332/Uart8Receiver.v#L228)"
"24","Uart8Receiver","[`134`](https://github.com/TimRudy/uart-verilog/blob/a805332/Uart8Receiver.v#L132-L134), [`141`](https://github.com/TimRudy/uart-verilog/blob/a805332/Uart8Receiver.v#L141)"
"25","Uart8Receiver","[`79`](https://github.com/TimRudy/uart-verilog/blob/a805332/Uart8Receiver.v#L79), [`220`](https://github.com/TimRudy/uart-verilog/blob/a805332/Uart8Receiver.v#L215-L221)"
