"test_name","test_file","vcd_generated","log_present","log_has_error","result","log_file","vcd_file"
"1","1.v","True","True","False","PASS","logs/1.log","tests/1.vcd"
"10","10.v","True","True","False","PASS","logs/10.log","tests/10.vcd"
"11","11.v","True","True","False","PASS","logs/11.log","tests/11.vcd"
"12","12.v","True","True","False","PASS","logs/12.log","tests/12.vcd"
"13","13.v","True","True","False","PASS","logs/13.log","tests/13.vcd"
"14","14.v","True","True","False","PASS","logs/14.log","tests/14.vcd"
"15","15.v","True","True","False","PASS","logs/15.log","tests/15.vcd"
"16","16.v","True","True","False","PASS","logs/16.log","tests/16.vcd"
"17","17.v","True","True","False","PASS","logs/17.log","tests/17.vcd"
"18","18.v","True","True","False","PASS","logs/18.log","tests/18.vcd"
"18a","18a.v","True","True","False","PASS","logs/18a.log","tests/18a.vcd"
"19","19.v","True","True","False","PASS","logs/19.log","tests/19.vcd"
"1a","1a.v","True","True","False","PASS","logs/1a.log","tests/1a.vcd"
"2","2.v","True","True","False","PASS","logs/2.log","tests/2.vcd"
"20","20.v","True","True","False","PASS","logs/20.log","tests/20.vcd"
"20a","20a.v","True","True","False","PASS","logs/20a.log","tests/20a.vcd"
"21","21.v","True","True","False","PASS","logs/21.log","tests/21.vcd"
"21a","21a.v","True","True","False","PASS","logs/21a.log","tests/21a.vcd"
"22","22.v","True","True","False","PASS","logs/22.log","tests/22.vcd"
"22a","22a.v","True","True","False","PASS","logs/22a.log","tests/22a.vcd"
"23","23.v","True","True","False","PASS","logs/23.log","tests/23.vcd"
"24","24.v","True","True","False","PASS","logs/24.log","tests/24.vcd"
"25","25.v","True","True","False","PASS","logs/25.log","tests/25.vcd"
"26","26.v","True","True","False","PASS","logs/26.log","tests/26.vcd"
"27","27.v","True","True","False","PASS","logs/27.log","tests/27.vcd"
"27a","27a.v","True","True","False","PASS","logs/27a.log","tests/27a.vcd"
"28","28.v","True","True","False","PASS","logs/28.log","tests/28.vcd"
"29","29.v","True","True","False","PASS","logs/29.log","tests/29.vcd"
"29a","29a.v","True","True","False","PASS","logs/29a.log","tests/29a.vcd"
"3","3.v","True","True","False","PASS","logs/3.log","tests/3.vcd"
"30","30.v","True","True","False","PASS","logs/30.log","tests/30.vcd"
"4","4.v","True","True","False","PASS","logs/4.log","tests/4.vcd"
"5","5.v","True","True","False","PASS","logs/5.log","tests/5.vcd"
"6","6.v","True","True","False","PASS","logs/6.log","tests/6.vcd"
"7","7.v","True","True","False","PASS","logs/7.log","tests/7.vcd"
"8","8.v","True","True","False","PASS","logs/8.log","tests/8.vcd"
"9","9.v","True","True","False","PASS","logs/9.log","tests/9.vcd"
